<?xml version="1.0" encoding="UTF-8"?>
<CustomField xmlns="http://soap.sforce.com/2006/04/metadata">
    <fullName>Soft_Drink__c</fullName>
    <externalId>false</externalId>
    <label>Soft Drink</label>
    <referenceTo>Soft_Drink__c</referenceTo>
    <relationshipLabel>Soft Drink Orders</relationshipLabel>
    <relationshipName>Soft_Drink_Orders</relationshipName>
    <relationshipOrder>0</relationshipOrder>
    <reparentableMasterDetail>false</reparentableMasterDetail>
    <trackTrending>false</trackTrending>
    <type>MasterDetail</type>
    <writeRequiresMasterRead>false</writeRequiresMasterRead>
</CustomField>
