[{"_allAttributes":null,"_properties":null,"_methods":null,"file":"e:/Salesforce orgs/GenAI/Update Metadata/Einstein-AI/force-app/main/default/lwc/flexTemplateLwc/flexTemplateLwc.js","metadata":{"decorators":[],"classMembers":[{"name":"ratingValue","type":"property","loc":{"start":{"line":7,"column":5},"end":{"line":7,"column":17}}},{"name":"response","type":"property","loc":{"start":{"line":8,"column":5},"end":{"line":8,"column":14}}},{"name":"accName","type":"property","loc":{"start":{"line":9,"column":5},"end":{"line":9,"column":13}}},{"name":"isLoading","type":"property","value":{"type":"boolean","value":false},"loc":{"start":{"line":10,"column":5},"end":{"line":10,"column":23}}},{"name":"ratingOptions","type":"property","loc":{"start":{"line":12,"column":4},"end":{"line":16,"column":6}}},{"name":"handleRatingChange","type":"method","loc":{"start":{"line":18,"column":4},"end":{"line":21,"column":5}}},{"name":"handleAccountChange","type":"method","loc":{"start":{"line":23,"column":4},"end":{"line":27,"column":5}}},{"name":"handleSubmit","type":"method","loc":{"start":{"line":29,"column":4},"end":{"line":47,"column":5}}}],"declarationLoc":{"start":{"line":4,"column":0},"end":{"line":50,"column":1}},"doc":"","exports":[{"type":"ExportDefaultDeclaration"}]},"updatedAt":"2024-10-05T16:25:14.207Z"}]