<?xml version="1.0" encoding="UTF-8"?>
<Flow xmlns="http://soap.sforce.com/2006/04/metadata">
    <apiVersion>60.0</apiVersion>
    <environments>Default</environments>
    <interviewLabel>Create a Task Flow {!$Flow.CurrentDateTime}</interviewLabel>
    <label>Create a Task Flow</label>
    <processMetadataValues>
        <name>BuilderType</name>
        <value>
            <stringValue>LightningFlowBuilder</stringValue>
        </value>
    </processMetadataValues>
    <processMetadataValues>
        <name>CanvasMode</name>
        <value>
            <stringValue>FREE_FORM_CANVAS</stringValue>
        </value>
    </processMetadataValues>
    <processMetadataValues>
        <name>OriginBuilderType</name>
        <value>
            <stringValue>LightningFlowBuilder</stringValue>
        </value>
    </processMetadataValues>
    <processType>AutoLaunchedFlow</processType>
    <recordCreates>
        <name>Create_a_Task</name>
        <label>Create a Task</label>
        <locationX>460</locationX>
        <locationY>485</locationY>
        <assignRecordIdToReference>TaskID</assignRecordIdToReference>
        <inputAssignments>
            <field>ActivityDate</field>
            <value>
                <elementReference>$Flow.CurrentDate</elementReference>
            </value>
        </inputAssignments>
        <inputAssignments>
            <field>OwnerId</field>
            <value>
                <elementReference>$User.Id</elementReference>
            </value>
        </inputAssignments>
        <inputAssignments>
            <field>Subject</field>
            <value>
                <elementReference>subject</elementReference>
            </value>
        </inputAssignments>
        <inputAssignments>
            <field>WhatId</field>
            <value>
                <elementReference>relatedId</elementReference>
            </value>
        </inputAssignments>
        <object>Task</object>
    </recordCreates>
    <start>
        <locationX>330</locationX>
        <locationY>48</locationY>
        <connector>
            <targetReference>Create_a_Task</targetReference>
        </connector>
    </start>
    <status>Active</status>
    <variables>
        <name>relatedId</name>
        <dataType>String</dataType>
        <isCollection>false</isCollection>
        <isInput>true</isInput>
        <isOutput>false</isOutput>
    </variables>
    <variables>
        <name>subject</name>
        <dataType>String</dataType>
        <isCollection>false</isCollection>
        <isInput>true</isInput>
        <isOutput>false</isOutput>
    </variables>
    <variables>
        <name>TaskID</name>
        <dataType>String</dataType>
        <isCollection>false</isCollection>
        <isInput>false</isInput>
        <isOutput>true</isOutput>
    </variables>
</Flow>
