<?xml version="1.0" encoding="UTF-8"?>
<CustomField xmlns="http://soap.sforce.com/2006/04/metadata">
    <fullName>Rating__c</fullName>
    <externalId>false</externalId>
    <label>Rating</label>
    <required>false</required>
    <trackHistory>false</trackHistory>
    <type>Picklist</type>
    <valueSet>
        <restricted>true</restricted>
        <valueSetDefinition>
            <sorted>false</sorted>
            <value>
                <fullName>Best</fullName>
                <default>false</default>
                <label>Best</label>
            </value>
            <value>
                <fullName>Average</fullName>
                <default>false</default>
                <label>Average</label>
            </value>
            <value>
                <fullName>Low</fullName>
                <default>false</default>
                <label>Low</label>
            </value>
        </valueSetDefinition>
    </valueSet>
</CustomField>
