{
  "status": 0,
  "result": [
    {
      "createdById": "0056e00000ESFQqAAP",
      "createdByName": "OrgFarm Epic",
      "createdDate": "2024-09-12T11:26:17.000Z",
      "fileName": "classes/ExperienceController.cls",
      "fullName": "ExperienceController",
      "id": "01p6e00000BQ4SIAA1",
      "lastModifiedById": "0056e00000ESFQqAAP",
      "lastModifiedByName": "OrgFarm Epic",
      "lastModifiedDate": "2024-09-12T11:26:17.000Z",
      "manageableState": "unmanaged",
      "type": "ApexClass"
    },
    {
      "createdById": "0056e00000ESFQqAAP",
      "createdByName": "OrgFarm Epic",
      "createdDate": "2024-09-12T11:26:17.000Z",
      "fileName": "classes/CheckWeather.cls",
      "fullName": "CheckWeather",
      "id": "01p6e00000BQ4d4AAD",
      "lastModifiedById": "0056e00000ESFQqAAP",
      "lastModifiedByName": "OrgFarm Epic",
      "lastModifiedDate": "2024-09-12T11:26:17.000Z",
      "manageableState": "unmanaged",
      "type": "ApexClass"
    },
    {
      "createdById": "0056e00000ESFQqAAP",
      "createdByName": "OrgFarm Epic",
      "createdDate": "2024-09-12T11:26:17.000Z",
      "fileName": "classes/MicrobatchSelfRegController.cls",
      "fullName": "MicrobatchSelfRegController",
      "id": "01p6e00000BQ4daAAD",
      "lastModifiedById": "0056e00000ESFQqAAP",
      "lastModifiedByName": "OrgFarm Epic",
      "lastModifiedDate": "2024-09-12T11:26:17.000Z",
      "manageableState": "unmanaged",
      "type": "ApexClass"
    },
    {
      "createdById": "0056e00000ESFQqAAP",
      "createdByName": "OrgFarm Epic",
      "createdDate": "2024-09-12T11:26:17.000Z",
      "fileName": "classes/ExperienceSessionController.cls",
      "fullName": "ExperienceSessionController",
      "id": "01p6e00000BQ4bzAAD",
      "lastModifiedById": "0056e00000ESFQqAAP",
      "lastModifiedByName": "OrgFarm Epic",
      "lastModifiedDate": "2024-09-12T11:26:17.000Z",
      "manageableState": "unmanaged",
      "type": "ApexClass"
    },
    {
      "createdById": "0056e00000ESFQqAAP",
      "createdByName": "OrgFarm Epic",
      "createdDate": "2024-09-12T11:26:17.000Z",
      "fileName": "classes/MyProfilePageController.cls",
      "fullName": "MyProfilePageController",
      "id": "01p6e00000BQ4dZAAT",
      "lastModifiedById": "0056e00000ESFQqAAP",
      "lastModifiedByName": "OrgFarm Epic",
      "lastModifiedDate": "2024-09-12T11:26:17.000Z",
      "manageableState": "unmanaged",
      "type": "ApexClass"
    },
    {
      "createdById": "0056e00000ESFQqAAP",
      "createdByName": "OrgFarm Epic",
      "createdDate": "2024-09-12T11:26:17.000Z",
      "fileName": "classes/CommunitiesSelfRegController.cls",
      "fullName": "CommunitiesSelfRegController",
      "id": "01p6e00000BQ4dWAAT",
      "lastModifiedById": "0056e00000ESFQqAAP",
      "lastModifiedByName": "OrgFarm Epic",
      "lastModifiedDate": "2024-09-12T11:26:17.000Z",
      "manageableState": "unmanaged",
      "type": "ApexClass"
    },
    {
      "createdById": "0056e00000ESFQqAAP",
      "createdByName": "OrgFarm Epic",
      "createdDate": "2024-09-12T11:26:17.000Z",
      "fileName": "classes/ForgotPasswordControllerTest.cls",
      "fullName": "ForgotPasswordControllerTest",
      "id": "01p6e00000BQ4dJAAT",
      "lastModifiedById": "0056e00000ESFQqAAP",
      "lastModifiedByName": "OrgFarm Epic",
      "lastModifiedDate": "2024-09-12T11:26:17.000Z",
      "manageableState": "unmanaged",
      "type": "ApexClass"
    },
    {
      "createdById": "0056e00000ESFQqAAP",
      "createdByName": "OrgFarm Epic",
      "createdDate": "2024-09-12T11:26:17.000Z",
      "fileName": "classes/MyProfilePageControllerTest.cls",
      "fullName": "MyProfilePageControllerTest",
      "id": "01p6e00000BQ4dOAAT",
      "lastModifiedById": "0056e00000ESFQqAAP",
      "lastModifiedByName": "OrgFarm Epic",
      "lastModifiedDate": "2024-09-12T11:26:17.000Z",
      "manageableState": "unmanaged",
      "type": "ApexClass"
    },
    {
      "createdById": "0056e00000ESFQqAAP",
      "createdByName": "OrgFarm Epic",
      "createdDate": "2024-09-12T11:26:17.000Z",
      "fileName": "classes/CommunitiesSelfRegControllerTest.cls",
      "fullName": "CommunitiesSelfRegControllerTest",
      "id": "01p6e00000BQ4dIAAT",
      "lastModifiedById": "0056e00000ESFQqAAP",
      "lastModifiedByName": "OrgFarm Epic",
      "lastModifiedDate": "2024-09-12T11:26:17.000Z",
      "manageableState": "unmanaged",
      "type": "ApexClass"
    },
    {
      "createdById": "0056e00000ESFQqAAP",
      "createdByName": "OrgFarm Epic",
      "createdDate": "2024-09-12T11:26:17.000Z",
      "fileName": "classes/MicrobatchSelfRegControllerTest.cls",
      "fullName": "MicrobatchSelfRegControllerTest",
      "id": "01p6e00000BQ4dNAAT",
      "lastModifiedById": "0056e00000ESFQqAAP",
      "lastModifiedByName": "OrgFarm Epic",
      "lastModifiedDate": "2024-09-12T11:26:17.000Z",
      "manageableState": "unmanaged",
      "type": "ApexClass"
    },
    {
      "createdById": "0056e00000ESFQqAAP",
      "createdByName": "OrgFarm Epic",
      "createdDate": "2024-09-12T11:26:17.000Z",
      "fileName": "classes/CommunitiesSelfRegConfirmControllerTest.cls",
      "fullName": "CommunitiesSelfRegConfirmControllerTest",
      "id": "01p6e00000BQ4dHAAT",
      "lastModifiedById": "0056e00000ESFQqAAP",
      "lastModifiedByName": "OrgFarm Epic",
      "lastModifiedDate": "2024-09-12T11:26:17.000Z",
      "manageableState": "unmanaged",
      "type": "ApexClass"
    },
    {
      "createdById": "0056e00000ESFQqAAP",
      "createdByName": "OrgFarm Epic",
      "createdDate": "2024-09-12T11:26:17.000Z",
      "fileName": "classes/SiteLoginController.cls",
      "fullName": "SiteLoginController",
      "id": "01p6e00000BQ4dXAAT",
      "lastModifiedById": "0056e00000ESFQqAAP",
      "lastModifiedByName": "OrgFarm Epic",
      "lastModifiedDate": "2024-09-12T11:26:17.000Z",
      "manageableState": "unmanaged",
      "type": "ApexClass"
    },
    {
      "createdById": "0056e00000ESFQqAAP",
      "createdByName": "OrgFarm Epic",
      "createdDate": "2024-09-12T11:26:17.000Z",
      "fileName": "classes/CommunitiesSelfRegConfirmController.cls",
      "fullName": "CommunitiesSelfRegConfirmController",
      "id": "01p6e00000BQ4dRAAT",
      "lastModifiedById": "0056e00000ESFQqAAP",
      "lastModifiedByName": "OrgFarm Epic",
      "lastModifiedDate": "2024-09-12T11:26:17.000Z",
      "manageableState": "unmanaged",
      "type": "ApexClass"
    },
    {
      "createdById": "0056e00000ESFQqAAP",
      "createdByName": "OrgFarm Epic",
      "createdDate": "2024-09-12T11:26:17.000Z",
      "fileName": "classes/CommunitiesLandingControllerTest.cls",
      "fullName": "CommunitiesLandingControllerTest",
      "id": "01p6e00000BQ4dFAAT",
      "lastModifiedById": "0056e00000ESFQqAAP",
      "lastModifiedByName": "OrgFarm Epic",
      "lastModifiedDate": "2024-09-12T11:26:17.000Z",
      "manageableState": "unmanaged",
      "type": "ApexClass"
    },
    {
      "createdById": "0056e00000ESFQqAAP",
      "createdByName": "OrgFarm Epic",
      "createdDate": "2024-09-12T11:26:17.000Z",
      "fileName": "classes/LLMService.cls",
      "fullName": "LLMService",
      "id": "01p6e00000BQ4dDAAT",
      "lastModifiedById": "0056e00000ESFQqAAP",
      "lastModifiedByName": "OrgFarm Epic",
      "lastModifiedDate": "2024-09-12T11:26:17.000Z",
      "manageableState": "unmanaged",
      "type": "ApexClass"
    },
    {
      "createdById": "0056e00000ESFQqAAP",
      "createdByName": "OrgFarm Epic",
      "createdDate": "2024-09-12T11:26:17.000Z",
      "fileName": "classes/LightningSelfRegisterControllerTest.cls",
      "fullName": "LightningSelfRegisterControllerTest",
      "id": "01p6e00000BQ4dMAAT",
      "lastModifiedById": "0056e00000ESFQqAAP",
      "lastModifiedByName": "OrgFarm Epic",
      "lastModifiedDate": "2024-09-12T11:26:17.000Z",
      "manageableState": "unmanaged",
      "type": "ApexClass"
    },
    {
      "createdById": "0056e00000ESFQqAAP",
      "createdByName": "OrgFarm Epic",
      "createdDate": "2024-09-12T11:26:17.000Z",
      "fileName": "classes/WeatherService.cls",
      "fullName": "WeatherService",
      "id": "01p6e00000BQ4c1AAD",
      "lastModifiedById": "0056e00000ESFQqAAP",
      "lastModifiedByName": "OrgFarm Epic",
      "lastModifiedDate": "2024-09-12T11:26:17.000Z",
      "manageableState": "unmanaged",
      "type": "ApexClass"
    },
    {
      "createdById": "0056e00000ESJUIAA5",
      "createdByName": "SFDC Coder",
      "createdDate": "2024-10-01T06:12:59.000Z",
      "fileName": "classes/ZipCodeName.cls",
      "fullName": "ZipCodeName",
      "id": "01p6e00000BQMGXAA5",
      "lastModifiedById": "0056e00000ESJUIAA5",
      "lastModifiedByName": "SFDC Coder",
      "lastModifiedDate": "2024-10-01T06:27:21.000Z",
      "manageableState": "unmanaged",
      "type": "ApexClass"
    },
    {
      "createdById": "0056e00000ESFQqAAP",
      "createdByName": "OrgFarm Epic",
      "createdDate": "2024-09-12T11:26:17.000Z",
      "fileName": "classes/SiteLoginControllerTest.cls",
      "fullName": "SiteLoginControllerTest",
      "id": "01p6e00000BQ4dPAAT",
      "lastModifiedById": "0056e00000ESFQqAAP",
      "lastModifiedByName": "OrgFarm Epic",
      "lastModifiedDate": "2024-09-12T11:26:17.000Z",
      "manageableState": "unmanaged",
      "type": "ApexClass"
    },
    {
      "createdById": "0056e00000ESFQqAAP",
      "createdByName": "OrgFarm Epic",
      "createdDate": "2024-09-12T11:26:17.000Z",
      "fileName": "classes/ChangePasswordController.cls",
      "fullName": "ChangePasswordController",
      "id": "01p6e00000BQ4dUAAT",
      "lastModifiedById": "0056e00000ESFQqAAP",
      "lastModifiedByName": "OrgFarm Epic",
      "lastModifiedDate": "2024-09-12T11:26:17.000Z",
      "manageableState": "unmanaged",
      "type": "ApexClass"
    },
    {
      "createdById": "0056e00000ESFQqAAP",
      "createdByName": "OrgFarm Epic",
      "createdDate": "2024-09-12T11:26:17.000Z",
      "fileName": "classes/SampleDataTest.cls",
      "fullName": "SampleDataTest",
      "id": "01p6e00000BQ4dCAAT",
      "lastModifiedById": "0056e00000ESFQqAAP",
      "lastModifiedByName": "OrgFarm Epic",
      "lastModifiedDate": "2024-09-12T11:26:17.000Z",
      "manageableState": "unmanaged",
      "type": "ApexClass"
    },
    {
      "createdById": "0056e00000ESFQqAAP",
      "createdByName": "OrgFarm Epic",
      "createdDate": "2024-09-12T11:26:17.000Z",
      "fileName": "classes/SampleDataGenerator.cls",
      "fullName": "SampleDataGenerator",
      "id": "01p6e00000BQ4dBAAT",
      "lastModifiedById": "0056e00000ESFQqAAP",
      "lastModifiedByName": "OrgFarm Epic",
      "lastModifiedDate": "2024-09-12T11:26:17.000Z",
      "manageableState": "unmanaged",
      "type": "ApexClass"
    },
    {
      "createdById": "0056e00000ESFQqAAP",
      "createdByName": "OrgFarm Epic",
      "createdDate": "2024-09-12T11:26:17.000Z",
      "fileName": "classes/CommunitiesLoginController.cls",
      "fullName": "CommunitiesLoginController",
      "id": "01p6e00000BQ4dYAAT",
      "lastModifiedById": "0056e00000ESFQqAAP",
      "lastModifiedByName": "OrgFarm Epic",
      "lastModifiedDate": "2024-09-12T11:26:17.000Z",
      "manageableState": "unmanaged",
      "type": "ApexClass"
    },
    {
      "createdById": "0056e00000ESFQqAAP",
      "createdByName": "OrgFarm Epic",
      "createdDate": "2024-09-12T11:26:17.000Z",
      "fileName": "classes/WeatherServiceTest.cls",
      "fullName": "WeatherServiceTest",
      "id": "01p6e00000BQ4d8AAD",
      "lastModifiedById": "0056e00000ESFQqAAP",
      "lastModifiedByName": "OrgFarm Epic",
      "lastModifiedDate": "2024-09-12T11:26:17.000Z",
      "manageableState": "unmanaged",
      "type": "ApexClass"
    },
    {
      "createdById": "0056e00000ESFQqAAP",
      "createdByName": "OrgFarm Epic",
      "createdDate": "2024-09-12T11:26:17.000Z",
      "fileName": "classes/CommunitiesLoginControllerTest.cls",
      "fullName": "CommunitiesLoginControllerTest",
      "id": "01p6e00000BQ4dGAAT",
      "lastModifiedById": "0056e00000ESFQqAAP",
      "lastModifiedByName": "OrgFarm Epic",
      "lastModifiedDate": "2024-09-12T11:26:17.000Z",
      "manageableState": "unmanaged",
      "type": "ApexClass"
    },
    {
      "createdById": "0056e00000ESFQqAAP",
      "createdByName": "OrgFarm Epic",
      "createdDate": "2024-09-12T11:26:17.000Z",
      "fileName": "classes/ContextService.cls",
      "fullName": "ContextService",
      "id": "01p6e00000BQ4d9AAD",
      "lastModifiedById": "0056e00000ESFQqAAP",
      "lastModifiedByName": "OrgFarm Epic",
      "lastModifiedDate": "2024-09-12T11:26:17.000Z",
      "manageableState": "unmanaged",
      "type": "ApexClass"
    },
    {
      "createdById": "0056e00000ESFQqAAP",
      "createdByName": "OrgFarm Epic",
      "createdDate": "2024-09-12T11:26:17.000Z",
      "fileName": "classes/SampleBookingBatch.cls",
      "fullName": "SampleBookingBatch",
      "id": "01p6e00000BQ4dAAAT",
      "lastModifiedById": "0056e00000ESFQqAAP",
      "lastModifiedByName": "OrgFarm Epic",
      "lastModifiedDate": "2024-09-12T11:26:17.000Z",
      "manageableState": "unmanaged",
      "type": "ApexClass"
    },
    {
      "createdById": "0056e00000ESFQqAAP",
      "createdByName": "OrgFarm Epic",
      "createdDate": "2024-09-12T11:26:17.000Z",
      "fileName": "classes/LightningLoginFormControllerTest.cls",
      "fullName": "LightningLoginFormControllerTest",
      "id": "01p6e00000BQ4dLAAT",
      "lastModifiedById": "0056e00000ESFQqAAP",
      "lastModifiedByName": "OrgFarm Epic",
      "lastModifiedDate": "2024-09-12T11:26:17.000Z",
      "manageableState": "unmanaged",
      "type": "ApexClass"
    },
    {
      "createdById": "0056e00000ESFQqAAP",
      "createdByName": "OrgFarm Epic",
      "createdDate": "2024-09-12T11:26:17.000Z",
      "fileName": "classes/LightningSelfRegisterController.cls",
      "fullName": "LightningSelfRegisterController",
      "id": "01p6e00000BQ4S0AAL",
      "lastModifiedById": "0056e00000ESFQqAAP",
      "lastModifiedByName": "OrgFarm Epic",
      "lastModifiedDate": "2024-09-12T11:26:17.000Z",
      "manageableState": "unmanaged",
      "type": "ApexClass"
    },
    {
      "createdById": "0056e00000ESFQqAAP",
      "createdByName": "OrgFarm Epic",
      "createdDate": "2024-09-12T11:26:17.000Z",
      "fileName": "classes/ExperienceBookingHelper.cls",
      "fullName": "ExperienceBookingHelper",
      "id": "01p6e00000BQ4byAAD",
      "lastModifiedById": "0056e00000ESFQqAAP",
      "lastModifiedByName": "OrgFarm Epic",
      "lastModifiedDate": "2024-09-12T11:26:17.000Z",
      "manageableState": "unmanaged",
      "type": "ApexClass"
    },
    {
      "createdById": "0056e00000ESFQqAAP",
      "createdByName": "OrgFarm Epic",
      "createdDate": "2024-09-12T11:26:17.000Z",
      "fileName": "classes/PersonalizedGuestExperiences.cls",
      "fullName": "PersonalizedGuestExperiences",
      "id": "01p6e00000BQ4d6AAD",
      "lastModifiedById": "0056e00000ESFQqAAP",
      "lastModifiedByName": "OrgFarm Epic",
      "lastModifiedDate": "2024-09-12T11:26:17.000Z",
      "manageableState": "unmanaged",
      "type": "ApexClass"
    },
    {
      "createdById": "0056e00000ESFQqAAP",
      "createdByName": "OrgFarm Epic",
      "createdDate": "2024-09-12T11:26:17.000Z",
      "fileName": "classes/SiteRegisterControllerTest.cls",
      "fullName": "SiteRegisterControllerTest",
      "id": "01p6e00000BQ4dQAAT",
      "lastModifiedById": "0056e00000ESFQqAAP",
      "lastModifiedByName": "OrgFarm Epic",
      "lastModifiedDate": "2024-09-12T11:26:17.000Z",
      "manageableState": "unmanaged",
      "type": "ApexClass"
    },
    {
      "createdById": "0056e00000ESFQqAAP",
      "createdByName": "OrgFarm Epic",
      "createdDate": "2024-09-12T11:26:17.000Z",
      "fileName": "classes/CommunitiesLandingController.cls",
      "fullName": "CommunitiesLandingController",
      "id": "01p6e00000BQ4dTAAT",
      "lastModifiedById": "0056e00000ESFQqAAP",
      "lastModifiedByName": "OrgFarm Epic",
      "lastModifiedDate": "2024-09-12T11:26:17.000Z",
      "manageableState": "unmanaged",
      "type": "ApexClass"
    },
    {
      "createdById": "0056e00000ESFQqAAP",
      "createdByName": "OrgFarm Epic",
      "createdDate": "2024-09-12T11:26:17.000Z",
      "fileName": "classes/LightningLoginFormController.cls",
      "fullName": "LightningLoginFormController",
      "id": "01p6e00000BQ4RzAAL",
      "lastModifiedById": "0056e00000ESFQqAAP",
      "lastModifiedByName": "OrgFarm Epic",
      "lastModifiedDate": "2024-09-12T11:26:17.000Z",
      "manageableState": "unmanaged",
      "type": "ApexClass"
    },
    {
      "createdById": "0056e00000ESFQqAAP",
      "createdByName": "OrgFarm Epic",
      "createdDate": "2024-09-12T11:26:17.000Z",
      "fileName": "classes/SiteRegisterController.cls",
      "fullName": "SiteRegisterController",
      "id": "01p6e00000BQ4dSAAT",
      "lastModifiedById": "0056e00000ESFQqAAP",
      "lastModifiedByName": "OrgFarm Epic",
      "lastModifiedDate": "2024-09-12T11:26:17.000Z",
      "manageableState": "unmanaged",
      "type": "ApexClass"
    },
    {
      "createdById": "0056e00000ESFQqAAP",
      "createdByName": "OrgFarm Epic",
      "createdDate": "2024-09-12T11:26:17.000Z",
      "fileName": "classes/SocialMediaPostsController.cls",
      "fullName": "SocialMediaPostsController",
      "id": "01p6e00000BQ4d7AAD",
      "lastModifiedById": "0056e00000ESFQqAAP",
      "lastModifiedByName": "OrgFarm Epic",
      "lastModifiedDate": "2024-09-12T11:26:17.000Z",
      "manageableState": "unmanaged",
      "type": "ApexClass"
    },
    {
      "createdById": "0056e00000ESFQqAAP",
      "createdByName": "OrgFarm Epic",
      "createdDate": "2024-09-12T11:26:17.000Z",
      "fileName": "classes/ForgotPasswordController.cls",
      "fullName": "ForgotPasswordController",
      "id": "01p6e00000BQ4dVAAT",
      "lastModifiedById": "0056e00000ESFQqAAP",
      "lastModifiedByName": "OrgFarm Epic",
      "lastModifiedDate": "2024-09-12T11:26:17.000Z",
      "manageableState": "unmanaged",
      "type": "ApexClass"
    },
    {
      "createdById": "0056e00000ESFQqAAP",
      "createdByName": "OrgFarm Epic",
      "createdDate": "2024-09-12T11:26:17.000Z",
      "fileName": "classes/LightningForgotPasswordController.cls",
      "fullName": "LightningForgotPasswordController",
      "id": "01p6e00000BQ4S1AAL",
      "lastModifiedById": "0056e00000ESFQqAAP",
      "lastModifiedByName": "OrgFarm Epic",
      "lastModifiedDate": "2024-09-12T11:26:17.000Z",
      "manageableState": "unmanaged",
      "type": "ApexClass"
    },
    {
      "createdById": "0056e00000ESFQqAAP",
      "createdByName": "OrgFarm Epic",
      "createdDate": "2024-09-12T11:26:17.000Z",
      "fileName": "classes/ExperienceControllerTest.cls",
      "fullName": "ExperienceControllerTest",
      "id": "01p6e00000BQ4d5AAD",
      "lastModifiedById": "0056e00000ESFQqAAP",
      "lastModifiedByName": "OrgFarm Epic",
      "lastModifiedDate": "2024-09-12T11:26:17.000Z",
      "manageableState": "unmanaged",
      "type": "ApexClass"
    },
    {
      "createdById": "0056e00000ESJUIAA5",
      "createdByName": "SFDC Coder",
      "createdDate": "2024-09-29T11:31:27.000Z",
      "fileName": "classes/SoftDrinkOrderStatus.cls",
      "fullName": "SoftDrinkOrderStatus",
      "id": "01p6e00000BQMFeAAP",
      "lastModifiedById": "0056e00000ESJUIAA5",
      "lastModifiedByName": "SFDC Coder",
      "lastModifiedDate": "2024-09-29T11:32:10.000Z",
      "manageableState": "unmanaged",
      "type": "ApexClass"
    },
    {
      "createdById": "0056e00000ESFQqAAP",
      "createdByName": "OrgFarm Epic",
      "createdDate": "2024-09-12T11:26:17.000Z",
      "fileName": "classes/LightningForgotPasswordControllerTest.cls",
      "fullName": "LightningForgotPasswordControllerTest",
      "id": "01p6e00000BQ4dKAAT",
      "lastModifiedById": "0056e00000ESFQqAAP",
      "lastModifiedByName": "OrgFarm Epic",
      "lastModifiedDate": "2024-09-12T11:26:17.000Z",
      "manageableState": "unmanaged",
      "type": "ApexClass"
    },
    {
      "createdById": "0056e00000ESFQqAAP",
      "createdByName": "OrgFarm Epic",
      "createdDate": "2024-09-12T11:26:17.000Z",
      "fileName": "classes/ChangePasswordControllerTest.cls",
      "fullName": "ChangePasswordControllerTest",
      "id": "01p6e00000BQ4dEAAT",
      "lastModifiedById": "0056e00000ESFQqAAP",
      "lastModifiedByName": "OrgFarm Epic",
      "lastModifiedDate": "2024-09-12T11:26:17.000Z",
      "manageableState": "unmanaged",
      "type": "ApexClass"
    },
    {
      "createdById": "0056e00000ESFQqAAP",
      "createdByName": "OrgFarm Epic",
      "createdDate": "2024-09-12T11:26:17.000Z",
      "fileName": "classes/SocialMediaController.cls",
      "fullName": "SocialMediaController",
      "id": "01p6e00000BQ4c0AAD",
      "lastModifiedById": "0056e00000ESFQqAAP",
      "lastModifiedByName": "OrgFarm Epic",
      "lastModifiedDate": "2024-09-12T11:26:17.000Z",
      "manageableState": "unmanaged",
      "type": "ApexClass"
    }
  ]
}